{"cameraMode":{"drawMode":0,"name":"Shaded","section":"Shading Mode"},"sceneLighting":false,"audioPlay":false,"sceneViewState":{"m_AlwaysRefresh":false,"showFog":false,"showSkybox":false,"showFlares":false,"showImageEffects":false,"showParticleSystems":false,"showVisualEffectGraphs":true,"m_FxEnabled":true},"in2DMode":false,"pivot":{"x":-0.03087271749973297,"y":1.383591651916504,"z":-0.5091975331306458},"rotation":{"x":0.0002804203541018069,"y":-0.9878088235855103,"z":0.1556733101606369,"w":0.0017688373336568475},"size":1.6719752550125123,"orthographic":false}