{"cameraMode":{"drawMode":0,"name":"Shaded","section":"Shading Mode"},"sceneLighting":true,"audioPlay":false,"sceneViewState":{"m_AlwaysRefresh":false,"showFog":true,"showSkybox":true,"showFlares":true,"showImageEffects":true,"showParticleSystems":true,"showVisualEffectGraphs":true,"m_FxEnabled":true},"in2DMode":false,"pivot":{"x":-1.6273508071899415,"y":-14.707387924194336,"z":-42.408058166503909},"rotation":{"x":0.5661507844924927,"y":0.09319697320461273,"z":-0.06466663628816605,"w":0.8164448738098145},"size":25.449323654174806,"orthographic":false}